target,prediction
0.749001145362854,0.7623621225357056
0.6314958333969116,0.7051460146903992
0.5007493495941162,0.6293689012527466
0.3702823221683502,0.45827892422676086
0.3613895773887634,0.36265429854393005
0.30786558985710144,0.34671592712402344
0.1806947886943817,0.410421758890152
0.49678587913513184,0.5638594031333923
0.741019606590271,0.7610180377960205
0.8900831341743469,0.8107268214225769
0.9706136584281921,0.8107267618179321
0.8550253510475159,0.8107268214225769
0.7662437558174133,0.81495201587677
0.7853561639785767,0.8252807259559631
0.8412913680076599,0.8334696888923645
0.8367848992347717,0.8393489718437195
0.845196008682251,0.8427765965461731
0.8480648398399353,0.8454945683479309
0.9044861197471619,0.849737823009491
0.99962317943573,0.8509607315063477
1.016971230506897,0.8487585186958313
0.947198212146759,0.8432905673980713
0.8677003979682922,0.8356912136077881
0.8162662982940674,0.8174666166305542
0.7207359671592712,0.7586017847061157
0.6332549452781677,0.6583973169326782
0.4610840678215027,0.5665950775146484
0.28038927912712097,0.4761475622653961
0.20604880154132843,0.39319610595703125
0.24738386273384094,0.3604468107223511
0.2647130787372589,0.4160517156124115
0.5120969414710999,0.5594849586486816
0.7670214176177979,0.7574236392974854
0.9373080134391785,0.8113904595375061
0.9750532507896423,0.8113905191421509
0.8536565899848938,0.8114721775054932
0.7549518346786499,0.8130753040313721
0.7928181886672974,0.8250212073326111
0.8331924676895142,0.8341324925422668
0.839303731918335,0.8395892381668091
0.7980400323867798,0.8433955311775208
0.8383008241653442,0.8461148142814636
0.9198868870735168,0.8509052395820618
1.017310380935669,0.852584958076477
1.00075101852417,0.8495758771896362
0.9373080134391785,0.8443523645401001
0.8951443433761597,0.8353105187416077
0.8300495147705078,0.8144740462303162
0.7708555459976196,0.7560635805130005
0.6591081023216248,0.6543176174163818
0.5294261574745178,0.5595724582672119
0.39439499378204346,0.46587541699409485
0.2947005331516266,0.3792087435722351
0.22801144421100616,0.3490489423274994
0.1806947886943817,0.4069754183292389
0.5261033177375793,0.5746936798095703
0.7622992992401123,0.7624840140342712
0.9261963367462158,0.8123458027839661
0.9793760776519775,0.8123458027839661
0.839303731918335,0.812543511390686
0.7622992992401123,0.8134558796882629
0.7825565338134766,0.8241751194000244
0.8508844971656799,0.8325689435005188
0.8367848992347717,0.8395066857337952
0.812190592288971,0.8444543480873108
0.8342269062995911,0.847888708114624
0.9114020466804504,0.8519533276557922
1.0095056295394897,0.853448748588562
1.0184918642044067,0.8513309955596924
0.947716236114502,0.8447540402412415
0.8983175754547119,0.8360997438430786
0.8279203772544861,0.8163745999336243
0.7677954435348511,0.7590258717536926
0.6840343475341797,0.653762698173523
0.5538376569747925,0.5580304861068726
0.4398319125175476,0.46101173758506775
0.2647130787372589,0.3727933168411255
0.2947005331516266,0.3461555540561676
0.20604880154132843,0.4091585576534271
0.5538376569747925,0.5777668356895447
0.7541148066520691,0.7639196515083313
0.9302720427513123,0.8116551041603088
0.97679603099823,0.8116551041603088
0.8442285060882568,0.8116818070411682
0.7677954435348511,0.8134316205978394
0.7973963022232056,0.8244929909706116
0.8230265378952026,0.833461582660675
0.8151121139526367,0.8396229147911072
0.8098154664039612,0.8441169261932373
0.8508844971656799,0.8481895923614502
0.9054921269416809,0.8527875542640686
1.0020571947097778,0.8535588979721069
0.995999813079834,0.851902186870575
0.9575048685073853,0.8459587693214417
0.8958548307418823,0.8356207609176636
0.8337104916572571,0.8143664598464966
0.7954498529434204,0.7556705474853516
0.731671929359436,0.648876428604126
0.6224064230918884,0.5513842701911926
0.5007493495941162,0.45680540800094604
0.4508010149002075,0.36849045753479004
0.33140215277671814,0.3425425887107849
0.30786558985710144,0.40992796421051025
0.5007493495941162,0.5779908299446106
0.7133780121803284,0.7643988132476807
0.8926331996917725,0.8117530345916748
0.9785205721855164,0.8117530345916748
0.8485381603240967,0.8117842078208923
0.7921536564826965,0.812310516834259
0.8133654594421387,0.8205745220184326
0.8755046725273132,0.828755259513855
0.8751030564308167,0.8349956274032593
0.8595072627067566,0.8391988277435303
0.8577291369438171,0.8428230285644531
0.9279554486274719,0.8450958132743835
1.003905177116394,0.8457089066505432
0.9872890710830688,0.8461623787879944
0.9325564503669739,0.8453862071037292
0.8734865784645081,0.8387912511825562
0.8311038613319397,0.8182075619697571
0.7804250717163086,0.7570452690124512
0.7541148066520691,0.6424115896224976
0.7638884782791138,0.542793333530426
0.6591081023216248,0.6530542373657227
0.6332549452781677,0.5541059970855713
0.4842880368232727,0.4309934079647064
0.20604880154132843,0.3762342035770416
0.35198843479156494,0.43606749176979065
0.4659941494464874,0.4809574782848358
0.5939074754714966,0.6632068157196045
0.7677954435348511,0.792445182800293
0.8461578488349915,0.826042652130127
0.8882371783256531,0.8403167724609375
0.9456342458724976,0.8499929904937744
0.9651229977607727,0.856179416179657
0.9646570682525635,0.8596706986427307
0.9672035574913025,0.8637712001800537
0.9525578618049622,0.8650645613670349
0.9821262359619141,0.8581445217132568
0.9703885316848755,0.8502787351608276
0.9421937465667725,0.8463866710662842
0.901087760925293,0.8419148921966553
0.8403005599975586,0.834827721118927
0.8224736452102661,0.806903600692749
0.8127790689468384,0.7548207640647888
0.7804250717163086,0.6839234828948975
0.7122994661331177,0.6017295122146606
0.6706549525260925,0.5316401720046997
0.6261026859283447,0.4635370075702667
0.5261033177375793,0.4111613929271698
0.24738386273384094,0.3847341239452362
0.3200545310974121,0.39374032616615295
0.4753953218460083,0.4930149018764496
0.5894010663032532,0.6432847380638123
0.6853142976760864,0.7864083647727966
0.8224736452102661,0.8173313140869141
0.9051574468612671,0.832800030708313
0.9267848134040833,0.8434334993362427
0.9530593156814575,0.8506853580474854
0.9623073935508728,0.8547712564468384
0.947716236114502,0.8583311438560486
0.9261963367462158,0.8597082495689392
0.9373080134391785,0.8581594228744507
0.9299842119216919,0.8542306423187256
0.9021146893501282,0.8495410084724426
0.8730799555778503,0.8430683612823486
0.8372917771339417,0.8252679705619812
0.7507234215736389,0.7975354790687561
0.6840343475341797,0.7485033869743347
0.6349954009056091,0.6734106540679932
0.5157119631767273,0.5923371315002441
0.39439499378204346,0.41626444458961487
0.3200545310974121,0.3231724202632904
0.22801144421100616,0.31403008103370667
0.2947005331516266,0.42625805735588074
0.5157119631767273,0.5897715091705322
0.725797176361084,0.7729921936988831
0.9058260917663574,0.8126402497291565
0.959683358669281,0.8126402497291565
0.8241267204284668,0.8126402497291565
0.7598864436149597,0.8186076283454895
0.7961012125015259,0.8279870748519897
0.8219189643859863,0.8329850435256958
0.8466367125511169,0.8370885252952576
0.8412913680076599,0.8439140319824219
0.8442285060882568,0.8460021615028381
0.8922713398933411,0.8468015193939209
0.994060218334198,0.8453326225280762
0.9802271723747253,0.8426313400268555
0.903812050819397,0.8372753858566284
0.845196008682251,0.8309634923934937
0.7832608819007874,0.8178852796554565
0.6865844130516052,0.7140218615531921
0.587100625038147,0.6045452356338501
0.3200545310974121,0.4903229773044586
0.1806947886943817,0.394611656665802
0.15070736408233643,0.3147909641265869
0.20604880154132843,0.30049288272857666
0.22801144421100616,0.41567930579185486
0.5261033177375793,0.5702657699584961
0.7287607789039612,0.7557993531227112
0.8527377843856812,0.8160297870635986
0.9570167660713196,0.8160297870635986
0.8208038806915283,0.8159850239753723
0.7217607498168945,0.8179911971092224
0.7122994661331177,0.8166382312774658
0.6242649555206299,0.8314113020896912
0.6664193272590637,0.8266419172286987
0.7034067511558533,0.8390503525733948
0.4799017608165741,0.833612859249115
0.7011063694953918,0.829113781452179
0.8442285060882568,0.8282060623168945
0.813949704170227,0.8252627849578857
0.8372917771339417,0.8303378224372864
0.8191168904304504,0.8258635401725769
0.7638884782791138,0.814991295337677
0.7122994661331177,0.7335466146469116
0.6046613454818726,0.6238532066345215
0.42807865142822266,0.5228006839752197
0.30786558985710144,0.4261432886123657
0.11400572210550308,0.3451003432273865
0.1806947886943817,0.31664445996284485
0.28038927912712097,0.3799751102924347
0.5509771108627319,0.533173680305481
0.733584463596344,0.7424876689910889
0.9226206541061401,0.8116053938865662
0.9850373864173889,0.8116053938865662
0.8554790616035461,0.8118115663528442
0.7515778541564941,0.8106523156166077
0.7928181886672974,0.8193473219871521
0.8316285014152527,0.828504741191864
0.818550705909729,0.8348332047462463
0.816840410232544,0.8398532271385193
0.830577552318573,0.8426591157913208
0.8969147801399231,0.8461517691612244
1.002428412437439,0.8481736779212952
1.0035372972488403,0.8462684750556946
0.9413895010948181,0.839597225189209
0.8755046725273132,0.830775260925293
0.8494806885719299,0.8099167943000793
0.7804250717163086,0.7373084425926208
0.6788124442100525,0.6390928626060486
0.5157119631767273,0.5322298407554626
0.3702823221683502,0.44920939207077026
0.30786558985710144,0.46001142263412476
0.22801144421100616,0.4817013740539551
0.28038927912712097,0.5603058934211731
0.4799017608165741,0.7133148908615112
0.7165718078613281,0.8256227970123291
0.9027957320213318,0.8273168206214905
0.9823358654975891,0.825687825679779
0.845196008682251,0.8254911303520203
0.7401084303855896,0.8251699209213257
0.8086149096488953,0.831297755241394
0.8367848992347717,0.8409837484359741
0.8273837566375732,0.8478075861930847
0.7908164262771606,0.8504937291145325
0.8398028612136841,0.8518654108047485
0.8944307565689087,0.8525134325027466
0.9967693090438843,0.8529201745986938
0.941926121711731,0.8417994976043701
0.9136441946029663,0.8355386257171631
0.8024770617485046,0.8339986205101013
0.7723644971847534,0.8287731409072876
0.7638884782791138,0.7744286060333252
0.6530157327651978,0.6694743037223816
0.45602288842201233,0.5481460094451904
0.2947005331516266,0.44267523288726807
0.06668907403945923,0.43819108605384827
0.1806947886943817,0.46079695224761963
0.28038927912712097,0.5215303897857666
0.5084007382392883,0.6742794513702393
0.7401084303855896,0.815270185470581
0.801221489906311,0.8299307823181152
0.692791759967804,0.8289069533348083
0.6205267310142517,0.8288511037826538
0.5157119631767273,0.8295508027076721
0.6434319019317627,0.8303201794624329
0.6514567136764526,0.8303719162940979
0.7155141234397888,0.8301113247871399
0.7247973084449768,0.8333643674850464
0.7654623985290527,0.8329664468765259
0.8608283400535583,0.8360550403594971
0.9672035574913025,0.8338791131973267
0.960642397403717,0.8294768929481506
0.8697903156280518,0.8249516487121582
0.8279203772544861,0.8149240016937256
0.818550705909729,0.7581247091293335
0.7881089448928833,0.6863307952880859
0.6417788863182068,0.6241289377212524
0.5390099883079529,0.5809944868087769
0.3787188231945038,0.5151119232177734
0.2647130787372589,0.3922889232635498
0.22801144421100616,0.4499598741531372
0.2947005331516266,0.5338138341903687
0.47076189517974854,0.6681740880012512
0.7382706999778748,0.8167505264282227
0.9133257269859314,0.8317994475364685
0.9874922633171082,0.8307983875274658
0.8554790616035461,0.8308454751968384
0.7364121675491333,0.8306246995925903
0.7811385989189148,0.8297399282455444
0.8536565899848938,0.834119975566864
0.8127790689468384,0.8420059084892273
0.7954498529434204,0.8468919992446899
0.8347417116165161,0.850226879119873
0.901087760925293,0.8517383337020874
1.0080785751342773,0.8535957932472229
0.9876952171325684,0.8531080484390259
0.936479389667511,0.8508168458938599
0.9074857831001282,0.8427156209945679
0.7654623985290527,0.8325729370117188
0.7887899875640869,0.8105794191360474
0.7738597393035889,0.6753034591674805
0.6004437804222107,0.5831494927406311
0.4218713045120239,0.5226749181747437
0.3200545310974121,0.393826961517334
0.2947005331516266,0.4408210217952728
0.28038927912712097,0.5410334467887878
0.49272453784942627,0.6771508455276489
0.691568911075592,0.7990517616271973
0.8681204915046692,0.826508641242981
0.972403883934021,0.8248489499092102
0.8541141152381897,0.8244442939758301
0.7382706999778748,0.8244656920433044
0.7693325877189636,0.8243497014045715
0.8179826140403748,0.8285300731658936
0.821362316608429,0.8394354581832886
0.8055745959281921,0.8464558124542236
0.8377970457077026,0.8502417802810669
0.9074857831001282,0.8554878234863281
1.0051865577697754,0.8581809997558594
1.0026137828826904,0.8564253449440002
0.9192731976509094,0.8501750826835632
0.8878654837608337,0.840012788772583
0.8357664942741394,0.8280627131462097
0.7825565338134766,0.7861124873161316
0.7165718078613281,0.6895857453346252
0.6482936143875122,0.5762723088264465
0.5192492008209229,0.4901554584503174
0.2947005331516266,0.43911901116371155
0.35198843479156494,0.45915013551712036
0.2947005331516266,0.5651748180389404
0.5007493495941162,0.7115893959999084
0.6964067220687866,0.8214088082313538
0.8829553723335266,0.8281576633453369
0.9825452566146851,0.8264196515083313
0.865156888961792,0.8262673020362854
0.801221489906311,0.8263176083564758
0.8268453478813171,0.8253846764564514
0.8976176977157593,0.8363125324249268
0.8814145922660828,0.8445745706558228
0.8718540072441101,0.8506247997283936
0.8983175754547119,0.8558326363563538
0.9474574327468872,0.8605872988700867
1.0050041675567627,0.8613399863243103
0.9774448275566101,0.8593218326568604
0.9084736108779907,0.8515678644180298
0.8599488139152527,0.8394580483436584
0.8055745959281921,0.8275671005249023
0.8037230968475342,0.7900841236114502
0.7326309680938721,0.6804898381233215
0.7507234215736389,0.5851352214813232
0.7011063694953918,0.6761573553085327
0.5982937812805176,0.5704326033592224
0.5509771108627319,0.4322950839996338
0.2947005331516266,0.44632890820503235
0.28038927912712097,0.5152032375335693
0.4508010149002075,0.5976247787475586
0.6167015433311462,0.728473424911499
0.7630957961082458,0.8284306526184082
0.8697903156280518,0.8320354223251343
0.9208031892776489,0.8302940130233765
0.9507906436920166,0.8469189405441284
0.9735129475593567,0.8579909205436707
0.966050922870636,0.8654541373252869
0.931703507900238,0.8699346780776978
0.94379061460495,0.8633404970169067
0.953808605670929,0.8627128601074219
0.9411205053329468,0.8650520443916321
0.9068238735198975,0.8618838787078857
0.8456776142120361,0.8535189032554626
0.7928181886672974,0.8389288187026978
0.7700958251953125,0.8062753081321716
0.7455015182495117,0.7524992227554321
0.7401084303855896,0.6615263819694519
0.6840343475341797,0.5661992430686951
0.6591081023216248,0.4902664124965668
0.596115231513977,0.42694321274757385
0.4017062187194824,0.4125864803791046
0.2947005331516266,0.4450050890445709
0.28038927912712097,0.4886833727359772
0.4087062478065491,0.5824899673461914
0.4753953218460083,0.7111837267875671
0.5674384236335754,0.7934473156929016
0.6205267310142517,0.8277762532234192
0.7455015182495117,0.8280153870582581
0.8432552814483643,0.8307667374610901
0.868539571762085,0.842646598815918
0.8352549076080322,0.8489944934844971
0.832151472568512,0.8542912602424622
0.8279203772544861,0.8543440103530884
0.8417845368385315,0.8421476483345032
0.7186670899391174,0.833864688873291
0.6545600891113281,0.8277403116226196
0.6664193272590637,0.7958695888519287
0.6692551970481873,0.818195104598999
0.6649828553199768,0.7594630122184753
0.6067302823066711,0.7404622435569763
0.6087734699249268,0.6479330062866211
0.5358770489692688,0.553683876991272
0.4842880368232727,0.47033047676086426
0.34201717376708984,0.45681339502334595
0.28038927912712097,0.4961754083633423
0.22801144421100616,0.5333106517791748
0.3787188231945038,0.6080746054649353
0.5594136118888855,0.7405351996421814
0.7155141234397888,0.8375318646430969
0.8706189393997192,0.8353692293167114
0.8412913680076599,0.8343909382820129
0.8235775232315063,0.8343613147735596
0.8289883732795715,0.8343472480773926
0.8456776142120361,0.830658495426178
0.8738921880722046,0.8338354229927063
0.8798592686653137,0.8390596508979797
0.859064519405365,0.8428066372871399
0.8621389269828796,0.8366788029670715
0.9074857831001282,0.8334857821464539
0.893354594707489,0.835582435131073
0.8595072627067566,0.83246910572052
0.7789885401725769,0.8268590569496155
0.7122994661331177,0.7709188461303711
0.6560901403427124,0.7540147304534912
0.5847676396369934,0.610893726348877
0.45602288842201233,0.6124217510223389
0.3200545310974121,0.4223781228065491
0.22801144421100616,0.3934582471847534
0.11400572210550308,0.41189491748809814
0.22801144421100616,0.5068211555480957
0.3787188231945038,0.6453527212142944
0.7034067511558533,0.8113515973091125
0.8554790616035461,0.833197295665741
0.9667434692382812,0.8314675092697144
0.8643002510070801,0.8314675092697144
0.725797176361084,0.8314675092697144
0.7524278163909912,0.8330724239349365
0.801221489906311,0.8376853466033936
0.7867383360862732,0.8462834358215332
0.7908164262771606,0.8521079421043396
0.7973963022232056,0.855711817741394
0.8814145922660828,0.8567990660667419
0.9868819713592529,0.8553562760353088
0.9823358654975891,0.8520262241363525
0.9130067229270935,0.8467632532119751
0.8545703887939453,0.8396152853965759
0.7775394320487976,0.8363451361656189
0.7237913608551025,0.7916659712791443
0.6167015433311462,0.6727372407913208
0.4659941494464874,0.5723915696144104
0.24738386273384094,0.4690815210342407
0.24738386273384094,0.4083757698535919
0.20604880154132843,0.43214213848114014
0.20604880154132843,0.5405817031860352
0.49678587913513184,0.6912698149681091
0.7364121675491333,0.8119312524795532
0.9107557535171509,0.826619565486908
0.9934738874435425,0.8264123201370239
0.8572815656661987,0.8264082074165344
0.771611750125885,0.826558530330658
0.8196811676025391,0.8257454633712769
0.8677003979682922,0.8326440453529358
0.8230265378952026,0.8403460383415222
0.8080113530158997,0.845741868019104
0.8347417116165161,0.8515549898147583
0.9288280010223389,0.8565509915351868
1.0135409832000732,0.8580210208892822
0.9944499731063843,0.8559486865997314
0.9288280010223389,0.8457995057106018
0.868539571762085,0.8323299884796143
0.8067975044250488,0.8211961388587952
0.7557845711708069,0.7582972645759583
0.6952105760574341,0.6544212102890015
0.5046195387840271,0.5515389442443848
0.2947005331516266,0.46897783875465393
0.2947005331516266,0.429609090089798
0.11400572210550308,0.4751952588558197
0.28038927912712097,0.6085135340690613
0.5046195387840271,0.7500397562980652
0.7207359671592712,0.8234645128250122
0.901087760925293,0.8275577425956726
0.9852433800697327,0.8262814283370972
0.8522763848304749,0.8259255886077881
0.7614989876747131,0.8262096643447876
0.7954498529434204,0.8256428837776184
0.8383008241653442,0.8291990756988525
0.8196811676025391,0.8386767506599426
0.8490101099014282,0.8453859090805054
0.8947879076004028,0.8503190875053406
0.9021146893501282,0.8539228439331055
0.9911072850227356,0.8547124862670898
0.9618334174156189,0.8525665402412415
0.9735129475593567,0.8453652858734131
0.8778942227363586,0.8347429037094116
0.801221489906311,0.8203203678131104
0.7382706999778748,0.7554290294647217
0.7463834285736084,0.6467713117599487
0.5824010372161865,0.5440367460250854
0.4842880368232727,0.4649481475353241
0.35198843479156494,0.42718374729156494
0.20604880154132843,0.48934805393218994
0.24738386273384094,0.6077361106872559
0.4753953218460083,0.7609816193580627
0.7034067511558533,0.8277935981750488
0.868539571762085,0.8305715322494507
0.9739544987678528,0.8290165066719055
0.8718540072441101,0.8284268379211426
0.8104124665260315,0.828629732131958
0.8316285014152527,0.827822744846344
0.8664335608482361,0.8347360491752625
0.8638702630996704,0.8425058722496033
0.8595072627067566,0.8483197093009949
0.8929942846298218,0.8530799150466919
0.9149118661880493,0.8554147481918335
0.99308180809021,0.8546854257583618
0.9495165944099426,0.8518681526184082
0.9061593413352966,0.8463757038116455
0.8289883732795715,0.8367320895195007
0.7498645186424255,0.8209660649299622
0.7217607498168945,0.7520921230316162
0.6450684666633606,0.6520876884460449
0.7941392660140991,0.5466190576553345
0.7067981362342834,0.6664785146713257
0.5799998641014099,0.5499274730682373
0.34201717376708984,0.3947868347167969
0.2947005331516266,0.4449746310710907
0.2947005331516266,0.4901267886161804
0.4398319125175476,0.5911926031112671
0.587100625038147,0.753108024597168
0.7354750037193298,0.8312691450119019
0.804959774017334,0.8336917161941528
0.8485381603240967,0.8323162198066711
0.9171069860458374,0.8418179750442505
0.930846095085144,0.8534056544303894
0.9565272927284241,0.8609558343887329
0.9375832676887512,0.8660353422164917
0.9424609541893005,0.8693713545799255
0.9482326507568359,0.8690491914749146
0.9174181818962097,0.8659369349479675
0.8993619084358215,0.8614869117736816
0.8412913680076599,0.8522306680679321
0.7980400323867798,0.8344582319259644
0.7614989876747131,0.7884613275527954
0.749001145362854,0.7228177189826965
0.6814441084861755,0.6241719722747803
0.662071704864502,0.5451094508171082
0.6635336875915527,0.4601130783557892
0.5775631666183472,0.40222662687301636
0.4398319125175476,0.40156546235084534
0.30786558985710144,0.44445836544036865
0.2947005331516266,0.49348193407058716
0.4154204726219177,0.589765727519989
0.5358770489692688,0.7540805339813232
0.6903368234634399,0.8272314667701721
0.7760774493217468,0.8267390131950378
0.8829553723335266,0.8256604671478271
0.9064919352531433,0.8415974974632263
0.9276635646820068,0.8563092350959778
0.9435255527496338,0.8637136220932007
0.9429941177368164,0.8703604936599731
0.9294071197509766,0.8742097616195679
0.9331226348876953,0.8740787506103516
0.9208031892776489,0.8695926070213318
0.8922713398933411,0.8646548986434937
0.8432552814483643,0.8558792471885681
0.7921536564826965,0.8377408385276794
0.7549518346786499,0.7959639430046082
0.6814441084861755,0.7357044816017151
0.6530157327651978,0.6404316425323486
0.5261033177375793,0.5515705347061157
0.445407897233963,0.3548527956008911
0.20604880154132843,0.2946966886520386
0.15070736408233643,0.41930416226387024
0.28038927912712097,0.5869860649108887
0.49678587913513184,0.7345275282859802
0.7079132199287415,0.8223617672920227
0.9003995656967163,0.8312714099884033
0.9721812009811401,0.8296442031860352
0.8541141152381897,0.8294425010681152
0.729736864566803,0.8296404480934143
0.8031012415885925,0.8288306593894958
0.8156902194023132,0.8348312973976135
0.7067981362342834,0.8362278342247009
0.7455015182495117,0.8467912673950195
0.801221489906311,0.8499881625175476
0.8900831341743469,0.8523532152175903
0.9785205721855164,0.8581854104995728
0.9362022876739502,0.8577189445495605
0.7874250411987305,0.8423372507095337
0.7986813187599182,0.8209367394447327
0.7630957961082458,0.8182681202888489
0.6827443242073059,0.7465838193893433
0.6107915639877319,0.6476907730102539
0.5261033177375793,0.5562875270843506
0.3200545310974121,0.48965713381767273
0.11400572210550308,0.45667076110839844
0.06668907403945923,0.5202716588973999
0.22801144421100616,0.6303831338882446
0.5390099883079529,0.7790778279304504
0.733584463596344,0.8383936882019043
0.9164827466011047,0.8364190459251404
0.992688775062561,0.8342335224151611
0.8522763848304749,0.8335807919502258
0.7753415107727051,0.8343616724014282
0.7797083854675293,0.83375483751297
0.8377970457077026,0.8344117999076843
0.839303731918335,0.8398195505142212
0.8289883732795715,0.8456201553344727
0.8480648398399353,0.8511155247688293
0.8897156119346619,0.8552284240722656
1.0126721858978271,0.8570331335067749
0.9932779669761658,0.8548493981361389
0.9183483123779297,0.8493140339851379
0.8844818472862244,0.8386863470077515
0.7541148066520691,0.8193374276161194
0.741925835609436,0.7528939247131348
0.7574376463890076,0.6530737280845642
0.5294261574745178,0.5448195934295654
0.3613895773887634,0.471187561750412
0.35198843479156494,0.4380934238433838
0.22801144421100616,0.5013121366500854
0.15070736408233643,0.6146931648254395
0.5007493495941162,0.7741503715515137
0.7391921281814575,0.8316625952720642
0.8962088823318481,0.8301177024841309
0.9891087412834167,0.8282302618026733
0.8643002510070801,0.8281536102294922
0.7797083854675293,0.8287774324417114
0.7839623093605042,0.8283631801605225
0.8412913680076599,0.8314120769500732
0.8300495147705078,0.8416613936424255
0.8074055314064026,0.8475852608680725
0.8252195715904236,0.8509762287139893
0.8969147801399231,0.8528229594230652
1.0027989149093628,0.8537720441818237
1.0020571947097778,0.8540090322494507
0.9136441946029663,0.8487584590911865
0.8774983286857605,0.8399362564086914
0.8398028612136841,0.8241212964057922
0.7700958251953125,0.7700479626655579
0.6434319019317627,0.6579773426055908
0.5538376569747925,0.5524024963378906
0.33140215277671814,0.4827795922756195
0.33140215277671814,0.4638504087924957
0.1806947886943817,0.5185428857803345
0.1806947886943817,0.6323848962783813
0.5046195387840271,0.7828466296195984
0.7144495248794556,0.8340729475021362
0.9110792279243469,0.8309425711631775
0.9924919009208679,0.8285732865333557
0.8664335608482361,0.8280232548713684
0.7723644971847534,0.8282977342605591
0.8061871528625488,0.828097939491272
0.8621389269828796,0.8326454758644104
0.8412913680076599,0.8436717391014099
0.8162662982940674,0.8514249324798584
0.8513497710227966,0.8545581102371216
0.8911808729171753,0.8543192744255066
1.0031684637069702,0.8537741303443909
0.983171820640564,0.8532782196998596
0.9126870036125183,0.843753457069397
0.8664335608482361,0.8339808583259583
0.8151121139526367,0.8303349018096924
0.7804250717163086,0.7900429368019104
0.6706549525260925,0.6770090460777283
0.5509771108627319,0.5662024617195129
0.35198843479156494,0.49525129795074463
0.28038927912712097,0.4426659345626831
0.1806947886943817,0.42408448457717896
0.20604880154132843,0.5704014301300049
0.4799017608165741,0.7215810418128967
0.6890954971313477,0.827058732509613
0.7155141234397888,0.8357027173042297
0.8972666263580322,0.8340615630149841
0.8672791719436646,0.8338654041290283
0.7768100500106812,0.8342549800872803
0.7961012125015259,0.8335126042366028
0.8412913680076599,0.8364349603652954
0.8612663745880127,0.8484687805175781
0.8568328022956848,0.8563473224639893
0.8697903156280518,0.8594356179237366
0.9285376667976379,0.8627943992614746
0.881801187992096,0.8510714769363403
0.7832608819007874,0.8438964486122131
0.7825565338134766,0.8432857990264893
0.7804250717163086,0.8436599969863892
0.7630957961082458,0.8440254926681519
0.7498645186424255,0.795502781867981
0.6890954971313477,0.6880055069923401
0.5621322989463806,0.5673462748527527
0.4508010149002075,0.5023313164710999
0.38674360513687134,0.4906873106956482
0.34201717376708984,0.4956676959991455
0.28038927912712097,0.5822540521621704
0.49678587913513184,0.7145445346832275
0.7090207934379578,0.8264118432998657
0.8798592686653137,0.8419523239135742
0.9589604139328003,0.8405486345291138
0.840796709060669,0.839935839176178
0.7067981362342834,0.8405280113220215
0.731671929359436,0.8409897089004517
0.7746022939682007,0.8408711552619934
0.7934800386428833,0.8390639424324036
0.7455015182495117,0.8343821167945862
0.7693325877189636,0.8430197238922119
0.8471141457557678,0.8463475704193115
0.9611198306083679,0.8472350835800171
0.9584766626358032,0.8393508791923523
0.8919086456298828,0.8388317823410034
0.8224736452102661,0.8343445062637329
0.8055745959281921,0.8364023566246033
0.7598864436149597,0.8127736449241638
0.6747843027114868,0.6781289577484131
0.532683253288269,0.5860641002655029
0.4154204726219177,0.5005140900611877
0.28038927912712097,0.45672592520713806
0.11400572210550308,0.4770675599575043
0.22801144421100616,0.5810588002204895
0.42807865142822266,0.7251788377761841
0.6774806380271912,0.8346413969993591
0.8531978130340576,0.840046763420105
0.960642397403717,0.837921142578125
0.8643002510070801,0.8383198380470276
0.7614989876747131,0.8388950824737549
0.7746022939682007,0.838041365146637
0.8202434778213501,0.8374150991439819
0.821362316608429,0.8422157764434814
0.8024770617485046,0.8482906818389893
0.8279203772544861,0.8500427603721619
0.8802495002746582,0.8493269085884094
0.9484902620315552,0.8496960401535034
0.9155420064926147,0.8514564037322998
0.8608283400535583,0.8438900113105774
0.7746022939682007,0.8331671953201294
0.7176228165626526,0.8315102458000183
0.7101209759712219,0.8063246011734009
0.6734193563461304,0.6743105053901672
0.6576060056686401,0.5845097303390503
0.6261026859283447,0.6637670397758484
0.5192492008209229,0.5795646905899048
0.4398319125175476,0.42084601521492004
0.35198843479156494,0.40572237968444824
0.2647130787372589,0.4825150668621063
0.39439499378204346,0.5911462903022766
0.5594136118888855,0.7094385623931885
0.7022606134414673,0.8219207525253296
0.7731138467788696,0.8338881134986877
0.839303731918335,0.8324967622756958
0.845196008682251,0.8409901857376099
0.8693744540214539,0.8492048382759094
0.890815794467926,0.8540357351303101
0.8929942846298218,0.8562792539596558
0.8904498815536499,0.857062041759491
0.8718540072441101,0.8552699089050293
0.8759053349494934,0.852730393409729
0.8230265378952026,0.8489973545074463
0.7874250411987305,0.8431859612464905
0.741925835609436,0.8164210915565491
0.7277788519859314,0.7899848222732544
0.7067981362342834,0.742661714553833
0.7090207934379578,0.6471466422080994
0.6482936143875122,0.5514927506446838
0.7267909646034241,0.4733218550682068
0.4842880368232727,0.42139050364494324
0.2947005331516266,0.40164700150489807
0.2647130787372589,0.4245226979255676
0.1806947886943817,0.48969727754592896
0.35198843479156494,0.579957127571106
0.532683253288269,0.7033582329750061
0.7101209759712219,0.8124321103096008
0.771611750125885,0.8268787264823914
0.8545703887939453,0.826964795589447
0.88934725522995,0.8431276082992554
0.9097815752029419,0.8531984090805054
0.9061593413352966,0.8596123456954956
0.9114020466804504,0.8635073900222778
0.890815794467926,0.8656123280525208
0.8856174945831299,0.8641782999038696
0.8388030529022217,0.859197735786438
0.7860487103462219,0.854034423828125
0.7789885401725769,0.8466659784317017
0.7011063694953918,0.8305856585502625
0.6224064230918884,0.792978048324585
0.6067302823066711,0.7384448647499084
0.5420843958854675,0.6464736461639404
0.4087062478065491,0.5621817111968994
0.24738386273384094,0.3841578960418701
0.20604880154132843,0.33172568678855896
0.15070736408233643,0.38966983556747437
0.35198843479156494,0.5230511426925659
0.49272453784942627,0.6765633225440979
0.6987733244895935,0.8112657070159912
0.8951443433761597,0.8279687166213989
0.9510442614555359,0.8262468576431274
0.7993200421333313,0.8260548114776611
0.7022606134414673,0.8260538578033447
0.7112138271331787,0.8257287740707397
0.7908164262771606,0.8314362168312073
0.7753415107727051,0.841663658618927
0.7549518346786499,0.8473553657531738
0.7818490862846375,0.8510448336601257
0.8545703887939453,0.8536148071289062
0.9484902620315552,0.853996992111206
0.9217144250869751,0.8509578108787537
0.8599488139152527,0.8435195088386536
0.7887899875640869,0.8336048126220703
0.7133780121803284,0.8286480903625488
0.6678433418273926,0.7780383825302124
0.5420843958854675,0.6592065691947937
0.3787188231945038,0.560749351978302
0.24738386273384094,0.47276580333709717
0.06668907403945923,0.43386417627334595
0.15070736408233643,0.45810461044311523
0.22801144421100616,0.5796881914138794
0.5007493495941162,0.7229987382888794
0.7101209759712219,0.8246151208877563
0.8664335608482361,0.833694577217102
0.9350890517234802,0.8316101431846619
0.8559315800666809,0.8309420943260193
0.7811385989189148,0.8312066793441772
0.7708555459976196,0.8311267495155334
0.7934800386428833,0.8307120203971863
0.812190592288971,0.8389894366264343
0.7881089448928833,0.845831573009491
0.8086149096488953,0.8503679037094116
0.8726723194122314,0.8531980514526367
0.9456342458724976,0.8530707359313965
0.9074857831001282,0.850590169429779
0.8595072627067566,0.8427405953407288
0.7797083854675293,0.8327973484992981
0.7122994661331177,0.8282284736633301
0.7144495248794556,0.7869073748588562
0.7622992992401123,0.6848616003990173
0.8151121139526367,0.5591970682144165
0.6314958333969116,0.4854615032672882
0.596115231513977,0.4351489245891571
0.2947005331516266,0.44957098364830017
0.2647130787372589,0.5353452563285828
0.4340602457523346,0.6870892643928528
0.672042965888977,0.81106036901474
0.8347417116165161,0.8299967646598816
0.9386797547340393,0.8291370272636414
0.8581754565238953,0.8288024067878723
0.7391921281814575,0.8290972709655762
0.7079132199287415,0.8293425440788269
0.7677954435348511,0.8291677832603455
0.741925835609436,0.8318901062011719
0.7227791547775269,0.8391015529632568
0.7566131949424744,0.8434616923332214
0.8092162609100342,0.8444660902023315
0.9139620065689087,0.8434028625488281
0.8965622186660767,0.8401138782501221
0.8347417116165161,0.8349751234054565
0.7986813187599182,0.8285151124000549
0.6827443242073059,0.8278435468673706
0.5621322989463806,0.7859605550765991
0.49678587913513184,0.6777585744857788
0.34201717376708984,0.5418704152107239
0.30786558985710144,0.4225664436817169
0.20604880154132843,0.37344494462013245
0.28038927912712097,0.3866698145866394
0.4753953218460083,0.5859420895576477
0.680133581161499,0.8100086450576782
0.8810271620750427,0.83890700340271
0.9560363292694092,0.838300883769989
0.8104124665260315,0.8384475111961365
0.7227791547775269,0.8384244441986084
0.7326309680938721,0.8375557065010071
0.7846606969833374,0.8390231728553772
0.7797083854675293,0.8480614423751831
0.7428270578384399,0.8548592329025269
0.7832608819007874,0.8604691624641418
0.8447129726409912,0.8645815253257751
0.9362022876739502,0.8662379384040833
0.9107557535171509,0.8649649024009705
0.8603891730308533,0.85811448097229
0.791486382484436,0.8470450043678284
0.7832608819007874,0.8315241932868958
0.7227791547775269,0.7670086026191711
0.6224064230918884,0.665266752243042
0.5480659604072571,0.570239782333374
0.38674360513687134,0.48369482159614563
0.30786558985710144,0.43786004185676575
0.2647130787372589,0.48151952028274536
0.33140215277671814,0.607014536857605
0.4340602457523346,0.7501052618026733
0.6890954971313477,0.8251838684082031
0.8456776142120361,0.833915114402771
0.9620705842971802,0.8316285610198975
0.8388030529022217,0.8305820226669312
0.7557845711708069,0.8308479189872742
0.7954498529434204,0.8305076360702515
0.8024770617485046,0.8305202126502991
0.8241267204284668,0.840450644493103
0.8098154664039612,0.8481343388557434
0.8527377843856812,0.8530945777893066
0.8852397799491882,0.857089638710022
0.9525578618049622,0.858788013458252
0.9071551561355591,0.8563948273658752
0.8550253510475159,0.8478366136550903
0.7980400323867798,0.8369860649108887
0.7574376463890076,0.8237037062644958
0.7247973084449768,0.7553314566612244
0.7237913608551025,0.6533489227294922
0.6774806380271912,0.5479645133018494
0.6004437804222107,0.6611989736557007
0.5120969414710999,0.5384701490402222
0.38674360513687134,0.38167721033096313
0.20604880154132843,0.42582371830940247
0.28038927912712097,0.47355812788009644
0.35198843479156494,0.5624343156814575
0.5894010663032532,0.7123947143554688
0.7067981362342834,0.8208437561988831
0.8005900979042053,0.8350693583488464
0.8499499559402466,0.8340111970901489
0.8969147801399231,0.8431350588798523
0.9400401711463928,0.8562052249908447
0.9518027901649475,0.863839864730835
0.9456342458724976,0.8725947737693787
0.9291177988052368,0.8774353265762329
0.9397690296173096,0.876420259475708
0.9088016152381897,0.8703349232673645
0.8541141152381897,0.8656842708587646
0.8151121139526367,0.8557167053222656
0.7515778541564941,0.8377183079719543
0.7738597393035889,0.7921121716499329
0.7524278163909912,0.7190577983856201
0.7067981362342834,0.6227539777755737
0.680133581161499,0.5277908444404602
0.6576060056686401,0.4492862820625305
0.587100625038147,0.38721156120300293
0.5261033177375793,0.39556634426116943
0.2947005331516266,0.42108362913131714
0.30786558985710144,0.4700224995613098
0.3787188231945038,0.5612709522247314
0.5824010372161865,0.7168360352516174
0.6734193563461304,0.8146294951438904
0.8092162609100342,0.8289467692375183
0.8738921880722046,0.8280324935913086
0.9097815752029419,0.8421721458435059
0.9342491626739502,0.8546624779701233
0.9604031443595886,0.8634961247444153
0.9525578618049622,0.8719475269317627
0.9692580699920654,0.8760722875595093
0.9523065686225891,0.8762134313583374
0.9061593413352966,0.8698619604110718
0.8738921880722046,0.8631561994552612
0.8116000294685364,0.8550413250923157
0.7582579851150513,0.8376967906951904
0.7326309680938721,0.7923799157142639
0.692791759967804,0.721988320350647
0.6591081023216248,0.624431848526001
0.5294261574745178,0.5321797132492065
0.4508010149002075,0.43974384665489197
0.38674360513687134,0.4162227213382721
0.15070736408233643,0.47341910004615784
0.15070736408233643,0.5153557062149048
0.4154204726219177,0.5919984579086304
0.5894010663032532,0.725080132484436
0.8037230968475342,0.8359264731407166
0.9211075305938721,0.833532452583313
0.8706189393997192,0.8321360945701599
0.804959774017334,0.8322587609291077
0.8577291369438171,0.8313605189323425
0.8794681429862976,0.838446319103241
0.8798592686653137,0.8465235829353333
0.8889780640602112,0.8515495657920837
0.8643002510070801,0.8552830815315247
0.8852397799491882,0.8582936525344849
0.9373080134391785,0.8586260676383972
0.9244182109832764,0.8567487597465515
0.8513497710227966,0.8486807942390442
0.8268453478813171,0.838706910610199
0.7165718078613281,0.8071325421333313
0.6635336875915527,0.6896857619285583
0.5700286030769348,0.662427544593811
0.4087062478065491,0.5954740047454834
0.1806947886943817,0.38562875986099243
0.2947005331516266,0.3837527632713318
0.1806947886943817,0.4637939929962158
0.2647130787372589,0.5261310935020447
0.3702823221683502,0.6743005514144897
0.532683253288269,0.8145442008972168
0.6560901403427124,0.8293817639350891
0.7670214176177979,0.827017605304718
0.6605965495109558,0.8251586556434631
0.6349954009056091,0.8244399428367615
0.7165718078613281,0.8244399428367615
0.7549518346786499,0.8311164975166321
0.7723644971847534,0.8432561159133911
0.760694682598114,0.8519823551177979
0.771611750125885,0.8570564389228821
0.8300495147705078,0.8585835099220276
0.9405812621116638,0.8603060245513916
0.9267848134040833,0.8572683930397034
0.8527377843856812,0.8492419123649597
0.7760774493217468,0.8399462699890137
0.7472606301307678,0.822718620300293
0.6940056085586548,0.7498353123664856
0.6167015433311462,0.6433336138725281
0.4154204726219177,0.551254153251648
0.30786558985710144,0.4822264611721039
0.0,0.445358544588089
0.1806947886943817,0.5110763311386108
0.20604880154132843,0.6215517520904541
0.49272453784942627,0.7639429569244385
0.7067981362342834,0.8305633664131165
0.8778942227363586,0.8348970413208008
0.961595892906189,0.8330049514770508
0.8412913680076599,0.8310705423355103
0.7326309680938721,0.83225417137146
0.7122994661331177,0.8317846059799194
0.7881089448928833,0.8316589593887329
0.7693325877189636,0.8413702845573425
0.741925835609436,0.8495774269104004
0.801221489906311,0.8537344336509705
0.8357664942741394,0.8554278016090393
0.9336868524551392,0.8550130724906921
0.9291177988052368,0.8520642518997192
0.8702051639556885,0.845064640045166
0.8055745959281921,0.8348743915557861
0.768565833568573,0.8191522359848022
0.7345324158668518,0.7422558665275574
0.6224064230918884,0.6387016773223877
0.47076189517974854,0.5396593809127808
0.35198843479156494,0.48076584935188293
0.22801144421100616,0.42318567633628845
0.06668907403945923,0.4568115174770355
0.1806947886943817,0.566563606262207
0.4842880368232727,0.715785562992096
0.7079132199287415,0.8152281641960144
0.8759053349494934,0.8312225341796875
0.9505366086959839,0.8294630646705627
0.8367848992347717,0.8287408351898193
0.7144495248794556,0.8291657567024231
0.7277788519859314,0.8292251825332642
0.768565833568573,0.8290508985519409
0.771611750125885,0.8355165719985962
0.7590742111206055,0.8425080180168152
0.771611750125885,0.8468316793441772
0.8461578488349915,0.8476657867431641
0.9279554486274719,0.8453981280326843
0.930846095085144,0.8420036435127258
0.8660091161727905,0.8362943530082703
0.8162662982940674,0.8280181884765625
0.7768100500106812,0.8081740140914917
0.7144495248794556,0.7536647319793701
0.6814441084861755,0.6502252221107483
0.5750898122787476,0.5482339859008789
0.39439499378204346,0.46031811833381653
0.2647130787372589,0.4027802646160126
0.20604880154132843,0.4521431028842926
0.1806947886943817,0.5745676755905151
0.4799017608165741,0.7169391512870789
0.6878447532653809,0.815005898475647
0.8577291369438171,0.8320127129554749
0.9662821292877197,0.829972505569458
0.8504179120063782,0.8295179009437561
0.7566131949424744,0.8300698399543762
0.7723644971847534,0.8297783732414246
0.8191168904304504,0.8311131596565247
0.812190592288971,0.84142005443573
0.7954498529434204,0.8486855030059814
0.8055745959281921,0.8530697226524353
0.864729106426239,0.8562784790992737
0.9328398108482361,0.8564175963401794
0.9101069569587708,0.8528717756271362
0.8412913680076599,0.8446363210678101
0.7789885401725769,0.8346651792526245
0.7391921281814575,0.8179954886436462
0.7237913608551025,0.7465013861656189
0.6853142976760864,0.6479508876800537
0.6545600891113281,0.5434150695800781
0.6224064230918884,0.6556258201599121
0.5294261574745178,0.5311621427536011
0.39439499378204346,0.3749949038028717
0.22801144421100616,0.4207914173603058
0.2947005331516266,0.4850732088088989
0.39439499378204346,0.5956572890281677
0.6046613454818726,0.7602954506874084
0.729736864566803,0.8339641094207764
0.7934800386428833,0.8351225256919861
0.8352549076080322,0.834140956401825
0.8810271620750427,0.8428401947021484
0.9003995656967163,0.8551466464996338
0.9164827466011047,0.8625890612602234
0.9256057739257812,0.8678128719329834
0.923821210861206,0.8713204860687256
0.8979679942131042,0.8707575798034668
0.8730799555778503,0.8676043748855591
0.8080113530158997,0.8616478443145752
0.7967500686645508,0.8531070947647095
0.733584463596344,0.8311118483543396
0.6987733244895935,0.7746163010597229
0.7056754231452942,0.6848388314247131
0.691568911075592,0.6102303266525269
0.6865844130516052,0.5172276496887207
0.636717677116394,0.4424574673175812
0.5939074754714966,0.3728790283203125
0.5192492008209229,0.38940638303756714
0.30786558985710144,0.4208717942237854
0.30786558985710144,0.48079240322113037
0.34201717376708984,0.5840327143669128
0.5046195387840271,0.756230354309082
0.6734193563461304,0.833625316619873
0.7614989876747131,0.8325779438018799
0.8398028612136841,0.8314585089683533
0.8541141152381897,0.8444801568984985
0.8882371783256531,0.8561124801635742
0.8900831341743469,0.863534688949585
0.8829553723335266,0.8672350645065308
0.8747004270553589,0.8691717982292175
0.8599488139152527,0.8685004115104675
0.8133654594421387,0.8647662997245789
0.8110073208808899,0.8551625609397888
0.7662437558174133,0.8481331467628479
0.6865844130516052,0.8342455625534058
0.6605965495109558,0.7843291163444519
0.596115231513977,0.7187932133674622
0.5594136118888855,0.6204022169113159
0.4340602457523346,0.5112277269363403
0.3787188231945038,0.33448606729507446
0.1806947886943817,0.3242153525352478
0.06668907403945923,0.44304314255714417
0.30786558985710144,0.5905944108963013
0.49272453784942627,0.736113429069519
0.6890954971313477,0.8305079340934753
0.8660091161727905,0.8404057025909424
0.9548024535179138,0.8383316397666931
0.812190592288971,0.8376620411872864
0.6987733244895935,0.8374567031860352
0.7557845711708069,0.836918294429779
0.7894682288169861,0.8402886986732483
0.7954498529434204,0.8491685390472412
0.771611750125885,0.8566026091575623
0.7993200421333313,0.8625472187995911
0.86343914270401,0.8646955490112305
0.9435255527496338,0.8647242188453674
0.9328398108482361,0.859053373336792
0.8742967844009399,0.8491100072860718
0.8005900979042053,0.8396604657173157
0.760694682598114,0.8393079042434692
0.6649828553199768,0.7929719686508179
0.596115231513977,0.6426804065704346
0.6576060056686401,0.5534085035324097
0.5847676396369934,0.6492134928703308
0.532683253288269,0.552182137966156
0.34201717376708984,0.4058016240596771
0.1806947886943817,0.4090765118598938
0.3200545310974121,0.47292354702949524
0.4340602457523346,0.5796364545822144
0.5700286030769348,0.700290322303772
0.7045450210571289,0.8165701627731323
0.7524278163909912,0.8371707201004028
0.7986813187599182,0.8374573588371277
0.868539571762085,0.8362568020820618
0.8897156119346619,0.8438912630081177
0.9114020466804504,0.8525373935699463
0.9014307856559753,0.8566979169845581
0.9031351804733276,0.8583160638809204
0.8886080384254456,0.8577730655670166
0.8352549076080322,0.8560951948165894
0.8230265378952026,0.8515181541442871
0.7941392660140991,0.8439978361129761
0.7566131949424744,0.826576828956604
0.719704806804657,0.758787989616394
0.7079132199287415,0.7148385643959045
0.6827443242073059,0.6153275370597839
0.6706549525260925,0.5340077877044678
0.6349954009056091,0.45376095175743103
0.596115231513977,0.39276283979415894
0.4218713045120239,0.3769521415233612
0.22801144421100616,0.3807390034198761
0.24738386273384094,0.4468320310115814
0.35198843479156494,0.5502759218215942
0.45602288842201233,0.6748595237731934
0.6332549452781677,0.7857131958007812
0.733584463596344,0.8265289664268494
0.8208038806915283,0.8261832594871521
0.8522763848304749,0.834175169467926
0.9149118661880493,0.8451595306396484
0.8841015696525574,0.8516944050788879
0.8993619084358215,0.8577402830123901
0.8786830306053162,0.865915060043335
0.8886080384254456,0.8682833313941956
0.8263052105903625,0.8586137294769287
0.760694682598114,0.8400559425354004
0.7354750037193298,0.8367992043495178
0.7155141234397888,0.8183526992797852
0.6434319019317627,0.7894386053085327
0.6384221315383911,0.7368184924125671
0.5358770489692688,0.6459038257598877
0.39439499378204346,0.5561555027961731
0.3200545310974121,0.36975395679473877
0.28038927912712097,0.33564597368240356
0.24738386273384094,0.3974315822124481
0.1806947886943817,0.5414851903915405
0.48856037855148315,0.7000041604042053
0.6975942850112915,0.8268779516220093
0.8702051639556885,0.8394555449485779
0.9708385467529297,0.8368523120880127
0.8289883732795715,0.8354810476303101
0.6952105760574341,0.8352842330932617
0.7832608819007874,0.8341577649116516
0.8061871528625488,0.8333375453948975
0.8357664942741394,0.8426412343978882
0.801221489906311,0.8504053950309753
0.8061871528625488,0.8594481945037842
0.8882371783256531,0.8644975423812866
0.9655876159667969,0.8644078373908997
0.9618334174156189,0.8601306080818176
0.8986664414405823,0.8501306772232056
0.8246740698814392,0.8393561840057373
0.7746022939682007,0.8319255113601685
0.7045450210571289,0.7663471102714539
0.6482936143875122,0.6549168825149536
0.5480659604072571,0.5578066110610962
0.4218713045120239,0.47234922647476196
0.24738386273384094,0.42437252402305603
0.15070736408233643,0.44567397236824036
0.22801144421100616,0.5440250039100647
0.5192492008209229,0.6675454378128052
0.7144495248794556,0.8076095581054688
0.9091289043426514,0.8387874364852905
0.9685760736465454,0.8366081714630127
0.8432552814483643,0.8359113335609436
0.7176228165626526,0.836144745349884
0.7638884782791138,0.835568368434906
0.8311038613319397,0.8358686566352844
0.8086149096488953,0.8455145359039307
0.8074055314064026,0.8518393635749817
0.8246740698814392,0.8559831976890564
0.8856174945831299,0.8600368499755859
0.9735129475593567,0.8637167811393738
0.9708385467529297,0.8641507625579834
0.8947879076004028,0.8554023504257202
0.8279203772544861,0.8449292182922363
0.8133654594421387,0.8352047801017761
0.741925835609436,0.7933468818664551
0.6384221315383911,0.6841157674789429
0.4842880368232727,0.5585759878158569
0.2947005331516266,0.47075510025024414
0.2647130787372589,0.42491284012794495
0.22801144421100616,0.44888967275619507
0.28038927912712097,0.5570342540740967
0.5294261574745178,0.7138157486915588
0.680133581161499,0.8218688368797302
0.871031641960144,0.8341673612594604
0.977012574672699,0.8321545124053955
0.8668569326400757,0.8307092189788818
0.7011063694953918,0.8306838274002075
0.733584463596344,0.8305061459541321
0.7825565338134766,0.8320565223693848
0.7693325877189636,0.8431659936904907
0.7723644971847534,0.8508313894271851
0.8162662982940674,0.8560256958007812
0.8621389269828796,0.8605430126190186
0.9397690296173096,0.8622079491615295
0.940851092338562,0.8591686487197876
0.8774983286857605,0.8511494398117065
0.8208038806915283,0.8405552506446838
0.7566131949424744,0.825408935546875
0.6530157327651978,0.7634429335594177
0.596115231513977,0.6571650505065918
0.5120969414710999,0.5599536895751953
0.35198843479156494,0.4711994230747223
0.2647130787372589,0.4271056056022644
0.06668907403945923,0.4450267255306244
0.2647130787372589,0.5605087876319885
0.4610840678215027,0.7088350653648376
0.680133581161499,0.8195013403892517
0.8672791719436646,0.835934579372406
0.953808605670929,0.8341463804244995
0.8110073208808899,0.8327329158782959
0.7056754231452942,0.8329873085021973
0.7391921281814575,0.8328330516815186
0.7846606969833374,0.8326445817947388
0.791486382484436,0.838293194770813
0.7677954435348511,0.8466145992279053
0.8074055314064026,0.8520833253860474
0.840796709060669,0.8549178838729858
0.9429941177368164,0.856903612613678
0.9285376667976379,0.8536584377288818
0.8603891730308533,0.8450726270675659
0.7789885401725769,0.8356861472129822
0.7507234215736389,0.8257794976234436
0.691568911075592,0.763870894908905
0.6332549452781677,0.6296966075897217
0.5261033177375793,0.5243469476699829
0.4398319125175476,0.4430735409259796
0.2947005331516266,0.4253772795200348
0.1806947886943817,0.4352695047855377
0.28038927912712097,0.5164240598678589
0.42807865142822266,0.673202395439148
0.6167015433311462,0.8168312311172485
0.7700958251953125,0.8365104794502258
0.8878654837608337,0.8340856432914734
0.8252195715904236,0.8334369659423828
0.7277788519859314,0.8335351347923279
0.760694682598114,0.8337481617927551
0.7881089448928833,0.8334746956825256
0.7738597393035889,0.8370060324668884
0.7700958251953125,0.8443489074707031
0.8263052105903625,0.8495333790779114
0.8612663745880127,0.8507185578346252
0.9294071197509766,0.8510578870773315
0.90781569480896,0.8513913750648499
0.8508844971656799,0.8418259620666504
0.7887899875640869,0.8344730734825134
0.7326309680938721,0.805094838142395
0.7267909646034241,0.729799747467041
0.6774806380271912,0.6408140063285828
0.6498827338218689,0.5304166078567505
0.6450684666633606,0.632331371307373
0.587100625038147,0.5280548334121704
0.445407897233963,0.38073575496673584
0.30786558985710144,0.3688102960586548
0.20604880154132843,0.42670270800590515
0.38674360513687134,0.5346149206161499
0.49272453784942627,0.6594042778015137
0.662071704864502,0.7844498157501221
0.731671929359436,0.8353297114372253
0.8174124956130981,0.8348199725151062
0.8734865784645081,0.8399290442466736
0.903812050819397,0.851010799407959
0.923222005367279,0.857937216758728
0.9217144250869751,0.8613331317901611
0.9214112162590027,0.8624436259269714
0.9107557535171509,0.8634584546089172
0.8475901484489441,0.8666768074035645
0.8268453478813171,0.8615063428878784
0.7921536564826965,0.8530743718147278
0.7428270578384399,0.8309377431869507
0.7654623985290527,0.7853041887283325
0.7217607498168945,0.6881245970726013
0.7237913608551025,0.5999822020530701
0.672042965888977,0.510803759098053
0.6482936143875122,0.4358987808227539
0.6046613454818726,0.3679862320423126
0.5261033177375793,0.3464917540550232
0.30786558985710144,0.36273661255836487
0.24738386273384094,0.4219791293144226
0.20604880154132843,0.5237017869949341
0.4087062478065491,0.6322757601737976
0.5847676396369934,0.7360835671424866
0.6498827338218689,0.8140403628349304
0.7731138467788696,0.825041651725769
0.7947958707809448,0.8376624584197998
0.8326728343963623,0.8481063842773438
0.8162662982940674,0.8553653955459595
0.7825565338134766,0.8584964871406555
0.7775394320487976,0.8580262660980225
0.7967500686645508,0.8447919487953186
0.7804250717163086,0.8368076086044312
0.7566131949424744,0.8275570869445801
0.6774806380271912,0.7908840179443359
0.6576060056686401,0.7404403686523438
0.6384221315383911,0.6921194195747375
0.6046613454818726,0.6637547016143799
0.5358770489692688,0.5561078786849976
0.38674360513687134,0.49836984276771545
0.15070736408233643,0.30596068501472473
0.1806947886943817,0.25701677799224854
0.15070736408233643,0.37705594301223755
0.30786558985710144,0.542346715927124
0.4340602457523346,0.689596951007843
0.6788124442100525,0.8199677467346191
0.821362316608429,0.8471152186393738
0.9339682459831238,0.8445034623146057
0.8156902194023132,0.8432719707489014
0.691568911075592,0.8432559370994568
0.692791759967804,0.8429369926452637
0.7345324158668518,0.8409477472305298
0.7738597393035889,0.8444232940673828
0.7662437558174133,0.8477374911308289
0.7853561639785767,0.8515948057174683
0.8475901484489441,0.8571179509162903
0.9427277445793152,0.86029052734375
0.928246796131134,0.8612201809883118
0.8825715184211731,0.8539095520973206
0.8246740698814392,0.8457701802253723
0.791486382484436,0.8342880606651306
0.6827443242073059,0.7554347515106201
0.6167015433311462,0.6431121826171875
0.45602288842201233,0.5199633836746216
0.24738386273384094,0.4893907308578491
0.0,0.38818830251693726
0.11400572210550308,0.45659953355789185
0.24738386273384094,0.5591167211532593
0.5007493495941162,0.6541393399238586
0.672042965888977,0.8017258048057556
0.86343914270401,0.842658281326294
0.9692580699920654,0.8406386375427246
0.8422762751579285,0.839113175868988
0.7155141234397888,0.8396017551422119
0.7345324158668518,0.8399431109428406
0.7782655954360962,0.8430449962615967
0.7973963022232056,0.8478220701217651
0.7614989876747131,0.8535001873970032
0.8074055314064026,0.8598463535308838
0.8536565899848938,0.861619234085083
0.9386797547340393,0.8611645698547363
0.9229215979576111,0.8596264719963074
0.8848612904548645,0.8562180995941162
0.7993200421333313,0.8473676443099976
0.7638884782791138,0.8283304572105408
0.6545600891113281,0.7437830567359924
0.5725786685943604,0.6357277631759644
0.47076189517974854,0.5310556888580322
0.39439499378204346,0.45807138085365295
0.2647130787372589,0.41708865761756897
0.28038927912712097,0.4768970310688019
0.15070736408233643,0.5838428139686584
0.4842880368232727,0.7166738510131836
0.6853142976760864,0.822150468826294
0.8586205840110779,0.8370793461799622
0.9608812928199768,0.835698127746582
0.8162662982940674,0.8342953324317932
0.6952105760574341,0.834614098072052
0.733584463596344,0.8346918821334839
0.7825565338134766,0.834408164024353
0.7867383360862732,0.8395509719848633
0.7775394320487976,0.847596287727356
0.7797083854675293,0.8518381118774414
0.8398028612136841,0.85240638256073
0.9273711442947388,0.8511852622032166
0.9211075305938721,0.8486562967300415
0.8726723194122314,0.8418158888816833
0.8061871528625488,0.8330298662185669
0.7598864436149597,0.8034044504165649
0.6774806380271912,0.7442102432250977
0.6067302823066711,0.6336331367492676
0.4610840678215027,0.533866286277771
0.4087062478065491,0.44068124890327454
0.24738386273384094,0.37985387444496155
0.06668907403945923,0.42043033242225647
0.24738386273384094,0.5480520725250244
0.4659941494464874,0.685462474822998
0.6664193272590637,0.8062999844551086
0.8655835390090942,0.8348258137702942
0.9587187170982361,0.8324933648109436
0.8377970457077026,0.8311675786972046
0.7287607789039612,0.8314250111579895
0.749001145362854,0.831540584564209
0.8145319223403931,0.8311880826950073
0.8080113530158997,0.840813934803009
0.7894682288169861,0.8485426902770996
0.8133654594421387,0.8534080386161804
0.8742967844009399,0.8575397729873657
0.9241199493408203,0.8581528663635254
0.8969147801399231,0.8541813492774963
0.8490101099014282,0.8468949794769287
0.7887899875640869,0.8369981050491333
0.768565833568573,0.8098444938659668
0.7090207934379578,0.724131166934967
0.6747843027114868,0.615272581577301
0.522711992263794,0.5161750316619873
0.42807865142822266,0.4414518475532532
0.2647130787372589,0.4141240417957306
0.30786558985710144,0.4774661958217621
0.28038927912712097,0.5935580134391785
0.47076189517974854,0.7332285046577454
0.6649828553199768,0.8253540396690369
0.8289883732795715,0.8384972810745239
0.9479746222496033,0.8358110785484314
0.8466367125511169,0.8340435028076172
0.7498645186424255,0.8340262174606323
0.7670214176177979,0.8343591094017029
0.8092162609100342,0.8338659405708313
0.8316285014152527,0.8412865400314331
0.8241267204284668,0.8510820269584656
0.8295198082923889,0.8560054898262024
0.8786830306053162,0.860459566116333
0.944319486618042,0.8604605793952942
0.8929942846298218,0.8556206226348877
0.8347417116165161,0.8485702872276306
0.7746022939682007,0.8397213220596313
0.733584463596344,0.8139402866363525
0.6975942850112915,0.7298152446746826
0.692791759967804,0.6223613023757935
0.6349954009056091,0.5257725715637207
0.636717677116394,0.6445201635360718
0.5847676396369934,0.5177264213562012
0.4087062478065491,0.3351411521434784
0.20604880154132843,0.4049461781978607
0.11400572210550308,0.44314152002334595
0.2947005331516266,0.5412648916244507
0.5261033177375793,0.6810361742973328
0.6734193563461304,0.8115999102592468
0.7738597393035889,0.8371761441230774
0.8092162609100342,0.8363552093505859
0.86895751953125,0.8424740433692932
0.8922713398933411,0.8556309342384338
0.893354594707489,0.8634240627288818
0.8821868300437927,0.8715023994445801
0.8900831341743469,0.8745505213737488
0.8771015405654907,0.8742753863334656
0.8295198082923889,0.8700287342071533
0.8086149096488953,0.8647202849388123
0.7993200421333313,0.8564316034317017
0.7590742111206055,0.8325871229171753
0.744614839553833,0.7681258320808411
0.7176228165626526,0.662204384803772
0.6734193563461304,0.611463725566864
0.6605965495109558,0.5069156885147095
0.6384221315383911,0.4167264997959137
0.6224064230918884,0.36858493089675903
0.48856037855148315,0.35520505905151367
0.2947005331516266,0.3685091733932495
0.2647130787372589,0.44332414865493774
0.20604880154132843,0.5422255396842957
0.4340602457523346,0.6805769801139832
0.6242649555206299,0.8132671117782593
0.6903368234634399,0.834971010684967
0.7993200421333313,0.833755373954773
0.8219189643859863,0.8468570709228516
0.8786830306053162,0.856644868850708
0.8527377843856812,0.8624914288520813
0.8300495147705078,0.8656895160675049
0.8442285060882568,0.8662121295928955
0.8718540072441101,0.8635936379432678
0.7901437282562256,0.8602967262268066
0.6560901403427124,0.8555694222450256
0.6591081023216248,0.8203209042549133
0.6774806380271912,0.8128877282142639
0.6545600891113281,0.7549301385879517
0.6261026859283447,0.6784610748291016
0.4659941494464874,0.5893855690956116
0.4398319125175476,0.4967321753501892
0.34201717376708984,0.3002936840057373
0.1806947886943817,0.24906355142593384
0.11400572210550308,0.3754809498786926
0.1806947886943817,0.5529033541679382
0.4154204726219177,0.6771020889282227
0.6576060056686401,0.800766110420227
0.8347417116165161,0.8343367576599121
0.9362022876739502,0.8318040370941162
0.8145319223403931,0.8308293223381042
0.6940056085586548,0.8308680057525635
0.731671929359436,0.8303720355033875
0.7825565338134766,0.8354760408401489
0.7662437558174133,0.844851553440094
0.741925835609436,0.8509846925735474
0.7670214176177979,0.8531468510627747
0.8257632851600647,0.8539473414421082
0.9068238735198975,0.8468238711357117
0.9107557535171509,0.8458527326583862
0.845196008682251,0.8402615189552307
0.7582579851150513,0.8408147692680359
0.6747843027114868,0.8338362574577332
0.5451023578643799,0.7617623209953308
0.522711992263794,0.6537704467773438
0.3702823221683502,0.5392489433288574
0.34201717376708984,0.43969741463661194
0.22801144421100616,0.4000910222530365
0.1806947886943817,0.4622196853160858
0.24738386273384094,0.5744562745094299
0.4799017608165741,0.7480191588401794
0.672042965888977,0.8318057060241699
0.8522763848304749,0.8400358557701111
0.954554557800293,0.8372242450714111
0.8383008241653442,0.8356263637542725
0.744614839553833,0.8360257148742676
0.8067975044250488,0.8360039591789246
0.8316285014152527,0.8352499604225159
0.816840410232544,0.8375803828239441
0.7928181886672974,0.8457551002502441
0.7921536564826965,0.8529684543609619
0.8559315800666809,0.8549778461456299
0.9305593371391296,0.8570465445518494
0.9164827466011047,0.854156494140625
0.8513497710227966,0.8458090424537659
0.8061871528625488,0.8364711403846741
0.729736864566803,0.8139542937278748
0.6903368234634399,0.744288444519043
0.6107915639877319,0.6363154053688049
0.5007493495941162,0.5394003391265869
0.34201717376708984,0.4589341878890991
0.11400572210550308,0.42293405532836914
0.1806947886943817,0.4815170168876648
0.22801144421100616,0.5964494347572327
0.45602288842201233,0.7493630051612854
0.6635336875915527,0.8285151720046997
0.8559315800666809,0.836303174495697
0.9584766626358032,0.8335468173027039
0.8337104916572571,0.8319838047027588
0.725797176361084,0.8330011367797852
0.7582579851150513,0.833182692527771
0.7853561639785767,0.8331166505813599
0.768565833568573,0.8456268310546875
0.7723644971847534,0.8534021377563477
0.7860487103462219,0.8576603531837463
0.8422762751579285,0.860862135887146
0.9276635646820068,0.8606086373329163
0.9296959638595581,0.8573145270347595
0.8432552814483643,0.8506715297698975
0.7887899875640869,0.841424286365509
0.729736864566803,0.821807324886322
0.6865844130516052,0.7574073672294617
0.6242649555206299,0.6483708620071411
